AF128998,1,,,
AF442565,1,,,
AY062239,1,,,
AY062242,1,,,
EF370212,1,,,
EF370231,1,,,
EF370251,1,,,
EF370259,1,,,
EF370293,1,,,
EF370314,1,,,
EF370351,1,,,
EF370360,1,,,
EF370373,1,,,
EF370386,1,,,
JN613611,1,,,
JN613676,1,,,
JN636176,1,,,
JN636177,1,,,
JQ429433,1,,,
U43096,1,,,
AB052600,1,,,
AB052601,1,,,
AB052602,1,,,
AB052603,1,,,
AB052604,1,,,
AB052605,1,,,
AB052606,1,,,
AB052607,1,,,
AB052608,1,,,
AB052609,1,,,
AB052610,1,,,
AB052611,1,,,
AB052612,1,,,
AB052995,1,,,
AF004885,1,,,
AF084936,1,,,
EF370388,1,,,
JN613694,1,,,
JN636167,1,,,
JN636199,1,,,
JN636246,1,,,
JN636258,1,,,
JN636265,1,,,
AY093605,1,,,
AY772955,1,,,
AY772970,1,,,
AY772971,1,,,
AY772986,1,,,
JQ423923,1,,,
JQ423923,1,,,
EF370193,1,,,
JN613612,1,,,
AY773339,34,,,3334
AY455778,38,,,
AY536237,38,,,
AY536238,38,,,
AY588970,38,,,
AY727526,39,,,
EU786674,40,,,
DQ322227,41,,,
EF514711,50,,,
AY773341,51,,,
AY773338,52,,,
FJ185239,53,,,
FJ185228,54,,,
FJ185237,54,,,
FJ185238,54,,,
FJ185240,54,,,
FJ185241,54,,,
FJ185242,54,,,
FJ185243,54,,,
FJ185244,54,,,
FJ185245,54,,,
FJ185246,54,,,
FJ185247,54,,,
FJ185248,54,,,
FJ185249,54,,,
FJ185250,54,,,
FJ185251,54,,,
FJ185252,54,,,
FJ185253,54,,,
FJ185254,54,,,
FJ185255,54,,,
FJ185256,54,,,
FJ185257,54,,,
FJ185258,54,,,
FJ185259,54,,,
FJ185260,54,,,
AY773340,55,,,
AY772978,59,,,
EF178391,65,,,
AY772984,67,,,
AY818641,69,,,
AY772960,70,,,
AY779550,70,,,
AY779551,70,,,
AY779552,70,,,
AY779553,70,,,
AY779554,70,,,
AY779556,70,,,
AY779557,70,,,
AY779558,70,,,
AY779559,70,,,
AY779560,70,,,
AY779561,70,,,
AY779563,70,,,
AY779564,70,,,
AY772976,71,,,
EF178304,71,,,
AY772983,73,,,
AY772981,74,,,
AY772977,75,,,
EF178355,75,,,
EU031913,76,,,
AF159877,77,,,
AY772974,78,,,
AY772975,78,,,
AY772979,78,,,
AY772982,78,,,
AY772973,79,,,
AY772980,79,,,
AF159878,79,,,
AY046058,79,,,
EF637052,80,,,
EU074776,81,,,
AF159876,81,,,
AB285738,83,,,
DQ077842,83,,,
DQ115681,83,,,
DQ077847,84,,,
DQ077858,84,,,
DQ115648,84,,,
DQ115664,84,,,
AJ294940,84,,,
EU743963,85,,,
AM706400,85,,,
AB285693,85,,,
DQ115645,86,,,
AF413963,86,,,
AF413964,86,,,
AF413991,86,,,
AF413992,86,,,
AF413993,86,,,
AJ294941,86,,,
EF374121,86,,,
AF413962,87,,,
DQ979023,88,,,
EU743964,88,,,
EU100417,89,,,
EU074777,90,,,
EF545108,94,,,
AB371862,95,,,
JN864056,95,,,
AB371841,97,,,
AB371876,97,,,
AM706401,97,,,
AB371838,98,,,
JX447273,98,,,
AB371847,99,,,
AY968312,99,,,
DQ189088,99,,,
AB371848,100,,,
AB371863,100,,,
AB371865,100,,,
AB371890,100,,,
AB371834,100,,,
DQ366663,100,,,
EF121247,100,,,
EF121268,100,,,
JX112813,100,,,
KP109481,100,,,
AB371864,101,,,
AB371888,101,,,
EF119579,101,,,
EF121265,101,,,
FJ614977,101,,,
AB371854,101,,,
AB371866,101,,,
AB371811,102,,,
AB371817,102,,,
JX112815,102,,,
AB371853,102,,,
KP109517,102,,,
AB371861,103,,,
AB371869,103,,,
AB371883,103,,,
AB371884,103,,,
EF178324,103,,,
EF514710,103,,,
AB547463,103,,,
AY586541,103,,,
AB371819,104,,,
JN692446,104,,,
AB468573,104,,,
AB468574,104,,,
AB468575,104,,,
EU110096,104,,,
AY161890,105,,,
AB845348,105,,,
AY161887,105,,,
AY161891,105,,,
AY456310,105,,,
AY456327,105,,,
AY676591,105,,,
KY112197,105,,,
AB371844,105,,,
AY161888,105,,,
EF178314,105,,,
AY456309,105,,,
AY676592,105,,,
EF374119,105,,,
AB371860,106,,,
HQ197988,106,,,
KF526229,106,,,
DQ366665,106,,,
JX574661,106,,,
JX574662,106,,,
JX574663,106,,,
KR019772,106,,,
KX228819,106,,,
KP109482,106,,,
KP109516,106,,,
AB371856,106,,,
AY456315,106,,,
AY456328,107,,,
AY676589,107,,,
KF526264,107,,,
KP109501,107,,,
AF179368,107,,,
AJ276595,107,,,
AY456313,107,,,
AY586540,107,,,
AY894993,107,,,
KF425293,107,,,
KY953202,107,,,
AY161882,107,,,
AY456312,107,,,
AY456325,107,,,
DQ366664,107,,,
AY161886,108,,,
AY161892,108,,,
AY161894,108,,,
AY456326,108,,,
HQ197984,108,,,
AB097866,108,,,
AY161880,108,,,
AY161883,108,,,
AY161885,108,,,
AY161893,108,,,
AY456317,108,,,
KP109490,108,,,
KP109509,108,,,
KP718931,108,,,
AY161889,108,,,
AB371845,109,,,
AY161881,109,,,
EF514707,109,,,
EF514712,109,,,
KF526298,109,,,
KX228808,109,,,
AJ276596,109,,,
AY456330,109,,,
AY676588,109,,,
AY676594,109,,,
AY456319,109,,,
HQ197989,109,,,
JX976709,109,,,
KP109483,109,,,
AY352655,109,,,
KU310619,109,,,
AY456329,109,,,
EU074775,109,,,
AY161884,109,,,
AY456322,109,,,
AY676590,109,,,
EF178315,110,,,
GQ387142,110,,,
GQ387143,110,,,
GQ387144,110,,,
GQ387146,110,,,
GQ387149,110,,,
GQ387152,110,,,
HQ197986,110,,,
HQ197987,110,,,
AY456314,110,,,
AY456318,110,,,
AY456321,110,,,
HQ197990,110,,,
KU310620,110,,,
AY456311,110,,,
GQ387150,110,,,
GQ387154,110,,,
AF075701,111,,,
EF178328,111,,,
EF637049,111,,,
K02012,111,,,
AY676587,111,,,
AY456316,111,,,
KP109484,111,,,
AF075702,112,,,
EF178305,112,,,
EF178342,112,,,
K03457,112,,,
KJ704789,112,,,
M15654,112,,,
KP109508,112,,,
KY112298,112,,,
KY112308,112,,,
JQ403045,112,,,
AY771588,113,,,
EF178322,113,,,
EF637051,113,,,
HQ197985,113,,,
U63632,113,,,
EU446023,113,,,
AY456320,113,,,
AF082394,113,,,
EF178303,114,,,
AF082395,114,,,
EF178330,114,,,
AY676593,114,,,
EF178313,115,,,
EF178327,115,,,
EF178407,115,,,
EF370299,115,,,
AF146728,116,,,
FJ460499,116,,,
AY456323,116,,,
EU110085,116,,,
EF178336,117,,,
KF526287,117,,,
EU110088,117,,,
EU110093,117,,,
EU110094,117,,,
KF526209,117,,,
AF190128,117,,,
EF178312,118,,,
JN692467,118,,,
KF526120,118,,,
KF526265,118,,,
KF526270,118,,,
KJ704794,118,,,
EU110091,118,,,
KF526218,118,,,
EF178310,118,,,
EF178318,118,,,
EU110087,119,,,
EU110092,119,,,
JX112824,119,,,
EF178323,119,,,
EU110097,119,,,
EU110089,120,,,
JN692439,120,,,
JN692448,120,,,
JN692463,120,,,
KF526127,120,,,
KJ704792,120,,,
KF526213,120,,,
KU310618,120,,,
EU110090,121,,,
KY658719,121,,,
JX447004,122,,,
KY112274,122,,,
EF178398,122,,,
AY508126,123,,,
AY508127,123,,,
AY508130,123,,,
AY508131,123,,,
AY508135,123,,,
AY508136,123,,,
AY508138,123,,,
AY508142,123,,,
AY508156,123,,,
AY508157,123,,,
KF526261,123,,,
KJ704793,123,,,
JX446898,123,,,
JX447268,123,,,
EU110086,123,,,
KF835535,123,,,
MF372651,123,,,
AF042104,124,,,
AY508128,124,,,
AY508129,124,,,
AY508141,124,,,
AY508143,124,,,
AY508145,124,,,
AY508155,124,,,
JF340053,124,,,
KF526145,124,,,
KF526254,124,,,
JX447085,124,,,
JX447413,124,,,
KF526212,124,,,
KY112260,124,,,
KP109502,124,,,
JN882654,124,,,
EF178404,125,,,
KF526228,125,,,
KF526245,125,,,
KF526323,125,,,
KY766175,125,,,
JX392378,125,,,
JX392379,125,,,
JX392381,125,,,
JX392382,125,,,
KY112577,125,,,
KF526300,126,,,
KY778487,126,,,
KY778517,126,,,
KP223734,126,,,
KY112251,126,,,
JN692460,126,,,
KP223733,127,,,
KP223767,127,,,
JX392383,128,,,
KF716479,128,,,
KP223761,128,,,
KP223776,128,,,
KP223780,128,,,
KP223781,128,,,
JX392380,128,,,
KP223737,128,,,
KP223754,128,,,
KP223775,128,,,
JX392384,129,,,
KP223766,129,,,
JX447359,129,,,
AF539405,130,,,
KF526178,130,,,
EF119581,131,,,
FJ614924,131,,,
JX446715,131,,,
AF075703,131,,,
EF121244,132,,,
EF121260,132,,,
FJ437011,132,,,
AF042102,133,,,
JF804812,133,,,
FJ437016,133,,,
KY658716,133,,,
AF005494,133,,,
JN692461,134,,,
KJ849818,135,,,
KJ849819,135,,,
KY112062,135,,,
KC183781,135,,,
KF716475,135,,,
DQ230841,135,,,
JX390977,135,,,
EU446022,135,,,
DQ358811,136,,,
EF633445,136,,,
EF637053,136,,,
KY112127,136,,,
JN882652,136,,,
JX390610,136,,,
KX232600,136,,,
AF286233,136,,,
AF286234,136,,,
EF119584,136,,,
KC183782,136,,,
JF320008,136,,,
JF320203,136,,,
MG171203,136,,,
KY112060,137,,,
KY112440,137,,,
AF286238,137,,,
JX447591,137,,,
AF286224,137,,,
AF286225,137,,,
AF286226,137,,,
AF286228,137,,,
AF286229,137,,,
AF286230,137,,,
AY158533,137,,,
EF368370,137,,,
EF368371,137,,,
EF368372,137,,,
KP109485,137,,,
KY112259,137,,,
AF005496,137,,,
KF312642,137,,,
KC473827,138,,,
KC473829,138,,,
KF526337,138,,,
KC183775,138,,,
AF286223,138,,,
AF286232,138,,,
AF286235,138,,,
AY118166,138,,,
AY158535,138,,,
AY173958,138,,,
AY173952,139,,,
KY112056,139,,,
KY112065,139,,,
U88824,139,,,
KF716486,139,,,
AF286227,139,,,
AF286231,139,,,
AY118165,139,,,
AY158534,139,,,
KY112264,139,,,
KY112316,139,,,
U88823,139,,,
AY173954,140,,,
AY227107,140,,,
EF694037,140,,,
KF716476,140,,,
KY112057,140,,,
KC183783,140,,,
KP718919,140,,,
KT152843,140,,,
KT152846,140,,,
KY112320,140,,,
U52953,140,,,
AF076475,140,,,
MG196673,140,,,
AY173951,141,,,
EF637055,141,,,
KC473846,141,,,
KF526283,141,,,
KF716484,141,,,
JN882655,141,,,
KC183780,141,,,
KR019770,141,,,
KT152845,141,,,
JX973638,141,,,
KP109522,141,,,
KY112279,141,,,
JX140671,141,,,
AY173955,141,,,
JX973596,141,,,
AF005495,142,,,
AF076998,142,,,
AY173953,142,,,
JF932468,142,,,
JX140659,142,,,
JX447156,142,,,
JX447161,142,,,
KF716485,142,,,
JX973708,142,,,
KP109486,142,,,
KT175202,142,,,
KY112276,142,,,
KF526181,142,,,
DQ912822,142,,,
JF932487,143,,,
KF716482,143,,,
JF340054,143,,,
JX390611,143,,,
JX390612,143,,,
KC183777,143,,,
KC522032,143,,,
KC522033,143,,,
KC522034,143,,,
KC522035,143,,,
KF716487,143,,,
KP109521,143,,,
EU074773,143,,,
EF514704,144,,,
JF932485,144,,,
JF932493,144,,,
JX140652,144,,,
JX447157,144,,,
KC473826,144,,,
KC473833,144,,,
KJ206289,144,,,
JX447403,144,,,
KC522031,144,,,
KF716472,144,,,
KM606636,144,,,
KP109523,144,,,
KM606630,144,,,
KM606637,144,,,
KP718929,144,,,
KC473832,144,,,
AF042105,145,,,
JF932484,145,,,
JX140661,145,,,
KF716480,145,,,
AJ293865,145,,,
JN864053,145,,,
JX447828,145,,,
KC183774,145,,,
KC183779,145,,,
KP718932,145,,,
KF716466,145,,,
KF716467,145,,,
KP109495,145,,,
KY111989,145,,,
KY112302,145,,,
AF077336,145,,,
KM606634,145,,,
JX140654,146,,,
KC183778,146,,,
KY111999,146,,,
KF716492,146,,,
KF716489,146,,,
FJ694792,146,,,
EF514701,147,,,
KC596067,147,,,
KF859746,147,,,
FJ437020,147,,,
FJ437023,147,,,
JX447938,147,,,
KF716465,147,,,
KM606633,147,,,
KP109496,147,,,
KY112002,147,,,
KM606632,147,,,
KC596066,147,,,
FJ437010,148,,,
FJ437014,148,,,
FJ437019,148,,,
FJ437021,148,,,
FJ437028,148,,,
KX232596,148,,,
KF716473,148,,,
KP109489,148,,,
KY112365,148,,,
KM606635,148,,,
FJ460501,149,,,
FJ694790,149,,,
FJ437009,149,,,
FJ437012,149,,,
FJ437013,149,,,
FJ437015,149,,,
FJ437018,149,,,
FJ437022,149,,,
FJ437025,149,,,
FJ437027,149,,,
KP718930,149,,,
KU749424,149,,,
KU749428,149,,,
JX973478,149,,,
JX973481,149,,,
AF042103,150,,,
JN400483,150,,,
JX973503,150,,,
KC473824,150,,,
KC473835,150,,,
KF716481,150,,,
KP109512,150,,,
KP109518,150,,,
FJ437007,150,,,
FJ437008,150,,,
FJ437017,150,,,
FJ437026,150,,,
KU749423,150,,,
MG902950,150,,,
KF250409,150,,,
JX202827,150,,,
JX973472,150,,,
JX973479,150,,,
KP109497,151,,,
KF716491,151,,,
KP109526,151,,,
JN613672,152,,,
KF716497,152,,,
FJ437024,152,,,
JX446957,152,,,
JX446997,152,,,
KF250402,152,,,
JX140663,152,,,
KJ883146,152,,,
KU749431,152,,,
JX973451,152,,,
JX140657,153,,,
JX140678,153,,,
JX202887,153,,,
KU749398,153,,,
KU749427,153,,,
MG171201,153,,,
MG171202,153,,,
AF063223,153,,,
JX140650,153,,,
KF716478,153,,,
KP109498,153,,,
KY658717,153,,,
KU749429,153,,,
KU992929,153,,,
KU992930,153,,,
KU992931,153,,,
KU992932,153,,,
KU992933,153,,,
KU992934,153,,,
KU992935,153,,,
KU992936,153,,,
KU992937,153,,,
KY112375,153,,,
KU749420,153,,,
KU992928,153,,,
EF514703,153,,,
EF514698,154,,,
JF804805,154,,,
JF932496,154,,,
KF716495,154,,,
KP109511,154,,,
AF063224,154,,,
AY352656,154,,,
KF541292,154,,,
KY658715,154,,,
JX140669,154,,,
KF250397,154,,,
KF250399,154,,,
KJ184180,154,,,
KU749417,154,,,
KU749426,154,,,
KU749430,154,,,
KX232602,154,,,
KF716469,154,,,
KP109524,154,,,
AY352657,154,,,
EF514697,155,,,
EF514700,155,,,
EF514706,155,,,
KC473843,155,,,
KP174771,155,,,
KU749387,155,,,
MG064457,155,,,
JX140673,155,,,
JX447465,155,,,
KC596065,155,,,
KF716490,155,,,
KF250406,155,,,
KF835501,155,,,
KP109480,155,,,
KU749422,155,,,
AY173957,155,,,
KF716471,155,,,
AY352654,155,,,
EF370318,156,,,
JX140658,156,,,
JX140670,156,,,
KC473834,156,,,
KC473836,156,,,
KF835521,156,,,
KJ849773,156,,,
MG519330,156,,,
AF049337,156,,,
KF250400,156,,,
KF250403,156,,,
KF250405,156,,,
KF250407,156,,,
KF835493,156,,,
KF835494,156,,,
KF835495,156,,,
KF835506,156,,,
KF835507,156,,,
KF835509,156,,,
KF835511,156,,,
KF835522,156,,,
KF835524,156,,,
KF835525,156,,,
KF835526,156,,,
KF835531,156,,,
KF835532,156,,,
KF835534,156,,,
KF835540,156,,,
KF835544,156,,,
KP109488,156,,,
KP109494,156,,,
KU886698,156,,,
KF835510,156,,,
U88826,156,,,
JX140666,156,,,
AF286239,157,,,
AY237165,157,,,
AY819715,157,,,
EF514702,157,,,
JF320193,157,,,
KC473828,157,,,
KC473831,157,,,
KC473840,157,,,
KJ849805,157,,,
AF361873,157,,,
AF530576,157,,,
KF716461,157,,,
KF859739,157,,,
U88825,157,,,
JX140664,157,,,
JX140668,157,,,
KC596068,157,,,
KF250395,157,,,
KF250404,157,,,
KF250410,157,,,
KF835497,157,,,
KF835500,157,,,
KF835508,157,,,
KF835529,157,,,
KF835530,157,,,
KF835539,157,,,
KF835541,157,,,
KF835545,157,,,
KF835547,157,,,
KY112310,157,,,
KY112361,157,,,
AY237166,157,,,
HM776939,157,,,
KF859745,157,,,
EF514699,157,,,
FJ694791,157,,,
EF514705,158,,,
EF514708,158,,,
EF514709,158,,,
JX140653,158,,,
JX140660,158,,,
KC473825,158,,,
KC473842,158,,,
KF716494,158,,,
GQ429844,158,,,
JX447311,158,,,
JX447687,158,,,
JX448019,158,,,
KF716463,158,,,
KF716493,158,,,
HM776938,158,,,
JX140667,158,,,
KC870031,158,,,
KC870034,158,,,
KC870036,158,,,
KC870037,158,,,
KC870038,158,,,
KC870043,158,,,
KF835496,158,,,
KF835512,158,,,
KF835515,158,,,
KC870044,158,,,
JX447310,158,,,
JX447487,158,,,
JX448023,158,,,
AB097873,159,,,
DQ085873,159,,,
JX140656,159,,,
MG742702,159,,,
AF076474,159,,,
AF286237,159,,,
AF492623,159,,,
JX446755,159,,,
JX446757,159,,,
JX446927,159,,,
JX447709,159,,,
KF716462,159,,,
KF716488,159,,,
EF514713,159,,,
EF694033,159,,,
KC870040,159,,,
KC870042,159,,,
KX159285,159,,,
JX446765,159,,,
KJ849796,159,,,
JF932495,160,,,
KC473841,160,,,
GQ429817,160,,,
GQ429818,160,,,
GQ429819,160,,,
GQ429851,160,,,
JX447486,160,,,
KC596062,160,,,
KF716468,160,,,
U51190,160,,,
DQ912823,160,,,
DQ085876,161,,,
JN636297,161,,,
JX447284,161,,,
KF716470,161,,,
KY112212,161,,,
MF372647,161,,,
FJ469717,162,,,
KY628222,162,,,
U71182,162,,,
JX447283,162,,,
KC596061,162,,,
MF372645,162,,,
KP109504,162,,,
EU786675,162,,,
AY751407,163,,,
EF370335,163,,,
EF637054,163,,,
KY628216,163,,,
KY628223,163,,,
JX140647,163,,,
JX447018,163,,,
JX447968,163,,,
KC473845,163,,,
KX232629,163,,,
KY112373,163,,,
MF372644,163,,,
JF932476,164,,,
KY628217,164,,,
KP109506,164,,,
KP718920,164,,,
KU749419,164,,,
KU749432,164,,,
AF443074,164,,,
AF443108,164,,,
KU749421,164,,,
KY953198,164,,,
KY628219,164,,,
FJ469694,165,,,
JN613677,165,,,
KY057375,165,,,
KY057420,165,,,
KY057579,165,,,
KY628215,165,,,
JX140645,165,,,
JX447132,165,,,
KC596063,165,,,
AF443085,165,,,
AF443104,165,,,
JN417236,165,,,
KY628224,165,,,
AF193253,166,,,
AF443075,166,,,
KP718926,166,,,
KY628218,166,,,
KY628220,166,,,
KY628221,166,,,
KY628225,166,,,
AF193277,166,,,
AF492624,166,,,
KP109505,166,,,
KY200513,166,,,
AF110979,166,,,
AF110980,166,,,
AF110981,166,,,
AF443076,166,,,
AF443077,166,,,
AF443081,166,,,
AF443082,166,,,
AF443083,166,,,
AF443089,166,,,
AF443090,166,,,
AF443091,166,,,
AF443095,166,,,
AF443098,166,,,
AF443100,166,,,
AF443102,166,,,
AF443103,166,,,
AF443105,166,,,
AF443109,166,,,
AF443110,166,,,
AF443112,166,,,
AF443113,166,,,
AF443114,166,,,
AY074891,166,,,
DQ011166,166,,,
EF694035,166,,,
KY112360,166,,,
AF443087,166,,,
AF443097,166,,,
AF289549,167,,,
AF289550,167,,,
HM586210,167,,,
KJ704795,167,,,
KP718924,167,,,
KY057530,167,,,
DQ234790,167,,,
KF716474,167,,,
AF443086,167,,,
AF443088,167,,,
AF443092,167,,,
AF443094,167,,,
AF443096,167,,,
AF443099,167,,,
AF443106,167,,,
AF443107,167,,,
AF443115,167,,,
GU207884,167,,,
KX228822,167,,,
KP418806,167,,,
JX140648,167,,,
AB097870,168,,,
AF460972,168,,,
AF460974,168,,,
EU000515,168,,,
EU000516,168,,,
JN417238,168,,,
JN417241,168,,,
KF716498,168,,,
KF859747,168,,,
KY057562,168,,,
JX447827,168,,,
KC596064,168,,,
KF716460,168,,,
KF859740,168,,,
KP109491,168,,,
AF067155,168,,,
AF067157,168,,,
AF067158,168,,,
AF067159,168,,,
AF443079,168,,,
AF443080,168,,,
AF443084,168,,,
AF443111,168,,,
EU000506,168,,,
EU000507,168,,,
KY713233,168,,,
EF420986,168,,,
AB097865,169,,,
AF289548,169,,,
U26546,169,,,
KR822830,169,,,
AB097871,169,,,
AF067154,169,,,
AF067156,169,,,
EF694032,169,,,
EF694034,169,,,
EU000509,169,,,
EU000510,169,,,
EU000512,169,,,
EU000513,169,,,
KT175205,169,,,
KT175206,169,,,
KT175207,169,,,
KT175209,169,,,
KT175214,169,,,
U86780,169,,,
AY180905,170,,,
JX140646,170,,,
KP718914,170,,,
AF443078,170,,,
AF443093,170,,,
U46016,170,,,
JX446901,170,,,
JF320043,171,,,
JF320411,171,,,
KJ849765,171,,,
KY612708,171,,,
KM974719,171,,,
KY200514,171,,,
KY216147,171,,,
KY216148,171,,,
KY658700,171,,,
AF443101,171,,,
AY049708,171,,,
AY049709,171,,,
MF372650,171,,,
JX112837,172,,,
KF250401,172,,,
KP668994,172,,,
KX010453,172,,,
FJ614884,173,,,
JX112835,173,,,
JX112836,173,,,
JX112838,173,,,
JX112861,173,,,
JX112865,173,,,
JX112866,173,,,
JX447590,173,,,
KF835518,173,,,
KF835538,173,,,
KP418805,173,,,
KY200515,173,,,
KY200516,173,,,
KY200517,173,,,
KY216146,173,,,
KY953203,173,,,
AY772693,173,,,
MF372648,173,,,
KM974720,173,,,
AY771591,173,,,
JF320054,173,,,
KY112471,173,,,
DQ358808,174,,,
JN613636,174,,,
JN613654,174,,,
DQ366660,174,,,
JX112860,174,,,
JX112862,174,,,
JX112863,174,,,
JX112867,174,,,
JX112868,174,,,
KF250396,174,,,
KF716477,174,,,
KF835502,174,,,
KF835503,174,,,
KF835513,174,,,
KF835520,174,,,
KF835523,174,,,
KF835528,174,,,
KF835542,174,,,
KF835543,174,,,
KJ778895,174,,,
KJ778897,174,,,
KX353919,174,,,
MF073269,174,,,
MF084205,174,,,
AY878065,174,,,
U86776,174,,,
JX140676,174,,,
MF373389,174,,,
KY112431,175,,,
DQ366662,175,,,
DQ366666,175,,,
GQ277610,175,,,
JX112839,175,,,
JX112864,175,,,
JX447068,175,,,
JX447936,175,,,
KC870041,175,,,
KF716464,175,,,
KF835504,175,,,
KF835505,175,,,
KF835516,175,,,
KF835519,175,,,
KF835527,175,,,
KF835533,175,,,
KF835536,175,,,
KF835546,175,,,
KM217833,175,,,
KP109492,175,,,
KT592380,175,,,
LC027100,175,,,
DQ366659,175,,,
JF320059,176,,,
DQ366661,176,,,
JX447069,176,,,
JX447353,176,,,
KC870039,176,,,
KF835514,176,,,
KF835537,176,,,
KF859773,176,,,
JX976677,176,,,
AF190127,176,,,
JF320145,177,,,
AF107770,177,,,
AY322184,177,,,
FJ183726,177,,,
KC870029,177,,,
KF250408,177,,,
KF835499,177,,,
KF835517,177,,,
KJ704791,178,,,
KY748532,178,,,
KY748538,178,,,
KC870028,178,,,
KF250398,178,,,
KP109500,178,,,
KP109525,178,,,
KY748553,179,,,
KY748555,179,,,
KY748586,179,,,
KY748614,179,,,
KY748652,179,,,
JX112849,179,,,
KC870027,179,,,
KC870030,179,,,
MF372646,179,,,
JX112804,180,,,
MF372649,180,,,
AF110969,180,,,
AF110970,180,,,
AF110971,180,,,
AF110972,180,,,
KY057489,181,,,
KY057516,181,,,
FJ614907,181,,,
JX447133,182,,,
AY585266,182,,,
KJ849760,183,,,
JX112828,183,,,
JX447937,183,,,
EU735536,184,,,
GQ999984,184,,,
EF637046,185,,,
EF637050,185,,,
JF320196,185,,,
KC852174,185,,,
KC797223,186,,,
AB097867,186,,,
AF107771,186,,,
KC852173,186,,,
AF192135,186,,,
DQ085871,187,,,
EF637056,187,,,
KU749408,187,,,
KY465968,187,,,
KP718915,187,,,
KY112480,187,,,
EF637047,188,,,
JN692450,188,,,
JN636285,189,,,
JN636286,189,,,
JX390976,189,,,
JF320395,190,,,
FJ195087,191,,,
KX232604,191,,,
KY112461,191,,,
AF061640,192,,,
KP718922,192,,,
DQ085872,193,,,
JN692437,193,,,
KY112468,193,,,
AF061642,193,,,
KY112314,193,,,
MG197087,193,,,
EF370266,194,,,
KP718923,194,,,
JX446711,194,,,
JX446716,194,,,
JX447077,195,,,
JF320412,196,,,
JX446869,196,,,
KX232628,196,,,
EU031915,198,,,
JN692457,198,,,
AF516184,198,,,
JX112826,199,,,
KY112093,200,,,
HM026457,200,,,
JX202935,201,,,
KY111994,201,,,
DQ085874,201,,,
FJ195088,202,,,
JF320017,202,,,
JF320022,202,,,
JN692466,202,,,
AY771593,203,,,
JF320559,203,,,
JN692442,203,,,
JX976679,203,,,
KJ849803,204,,,
MG196797,204,,,
KP223843,204,,,
KP223844,205,,,
KP223851,205,,,
DQ358799,205,,,
DQ085869,206,,,
JF320198,206,,,
JF320244,206,,,
JN024346,206,,,
KY112462,206,,,
KP223853,206,,,
KP223854,206,,,
JN417240,206,,,
AY536236,207,,,
EU547186,207,,,
JF320197,207,,,
JN692480,207,,,
JN944932,207,,,
KC312362,207,,,
KP223845,207,,,
JX446804,207,,,
JX446795,207,,,
JF320207,207,,,
AY560108,208,,,
FJ495818,208,,,
FJ495819,208,,,
FJ495865,208,,,
FJ496000,208,,,
FJ496167,208,,,
JF320028,208,,,
JF320427,208,,,
JN024339,208,,,
JN024343,208,,,
JN024344,208,,,
JN024422,208,,,
JN024424,208,,,
JN024426,208,,,
JN024427,208,,,
JN024431,208,,,
JN024443,208,,,
JN024450,208,,,
JN024451,208,,,
JN024455,208,,,
JN024469,208,,,
JN024493,208,,,
JN024501,208,,,
JN024566,208,,,
JN024568,208,,,
JN024573,208,,,
JX973336,208,,,
JX973352,208,,,
KC312363,208,,,
MG197074,208,,,
MG197156,208,,,
MG197210,208,,,
KP223847,208,,,
KR820341,208,,,
KR820343,208,,,
KR820422,208,,,
KR820426,208,,,
KR820428,208,,,
KR820430,208,,,
KR820440,208,,,
JX976664,208,,,
AY560107,209,,,
DQ085870,209,,,
EF637048,209,,,
FJ495937,209,,,
FJ495940,209,,,
FJ496145,209,,,
JF320003,209,,,
JF320012,209,,,
JF320045,209,,,
JF320120,209,,,
JF320124,209,,,
JF320144,209,,,
JF320189,209,,,
JF320206,209,,,
JF320415,209,,,
JF320422,209,,,
JF320423,209,,,
JF320560,209,,,
JN024125,209,,,
JN024186,209,,,
JN024195,209,,,
JN024203,209,,,
JN024204,209,,,
JN024207,209,,,
JN024208,209,,,
JN024213,209,,,
JN024214,209,,,
JN024216,209,,,
JN024223,209,,,
JN024237,209,,,
JN024257,209,,,
JN024261,209,,,
JN024271,209,,,
JN024274,209,,,
JN024277,209,,,
JN024304,209,,,
JN024307,209,,,
JN024318,209,,,
JN024321,209,,,
JN024323,209,,,
JN024436,209,,,
JN024438,209,,,
JN024439,209,,,
JN024440,209,,,
JN024442,209,,,
JN024444,209,,,
JN024448,209,,,
JN024449,209,,,
JN024483,209,,,
JN024484,209,,,
JN024491,209,,,
JN024520,209,,,
JN024558,209,,,
JN692453,209,,,
KC312330,209,,,
KC312510,209,,,
KC312512,209,,,
KC312525,209,,,
KC312527,209,,,
KC312538,209,,,
JX447315,209,,,
KP223846,209,,,
FJ496208,209,,,
KR820331,209,,,
KR820342,209,,,
KR820347,209,,,
KR820349,209,,,
KR820350,209,,,
KR820351,209,,,
KR820358,209,,,
KR820364,209,,,
KR820369,209,,,
AY560110,209,,,
JN024460,209,,,
JN024461,209,,,
JN024553,209,,,
KC312340,209,,,
FJ496198,209,,,
FJ496200,209,,,
KR820372,209,,,
FJ496081,210,,,
JF320014,210,,,
JF320018,210,,,
JF320183,210,,,
JF932470,210,,,
JN024103,210,,,
JN024105,210,,,
JN024112,210,,,
JN024114,210,,,
JN024115,210,,,
JN024128,210,,,
JN024132,210,,,
JN024135,210,,,
JN024140,210,,,
JN024145,210,,,
JN024159,210,,,
JN024160,210,,,
JN024161,210,,,
JN024171,210,,,
JN024175,210,,,
JN024190,210,,,
JN024192,210,,,
JN024197,210,,,
JN024247,210,,,
JN024311,210,,,
JN024326,210,,,
JN024429,210,,,
JN024499,210,,,
JN024506,210,,,
JN024525,210,,,
JN024526,210,,,
JN024535,210,,,
JN944912,210,,,
MG196912,210,,,
MG197176,210,,,
MG197197,210,,,
KR820302,210,,,
AY585265,210,,,
FJ496185,210,,,
KF527172,210,,,
KR820326,210,,,
KR820327,210,,,
KR820332,210,,,
KR820367,210,,,
KR820370,210,,,
KR820379,210,,,
KR820382,210,,,
KR820384,210,,,
KR820394,210,,,
KR820401,210,,,
KR820409,210,,,
KR820415,210,,,
KU749393,210,,,
FJ496195,210,,,
KR820294,210,,,
KR820299,210,,,
KR820311,210,,,
KR820314,210,,,
JN024349,210,,,
JN024350,210,,,
JN024363,210,,,
JN024375,210,,,
JN024376,210,,,
JN024379,210,,,
JN024385,210,,,
JN024400,210,,,
JN024401,210,,,
JN024414,210,,,
JN024419,210,,,
JN024421,210,,,
JN024459,210,,,
KR820374,210,,,
MG197205,210,,,
FJ496196,210,,,
EF637057,211,,,
FJ496151,211,,,
JF320044,211,,,
JF320187,211,,,
JF320209,211,,,
JF320424,211,,,
JN024131,211,,,
JN024152,211,,,
JN024495,211,,,
JN024534,211,,,
KC312540,211,,,
MG196663,211,,,
MG196787,211,,,
MG196952,211,,,
MG197088,211,,,
MG197146,211,,,
AY585267,211,,,
AY585268,211,,,
KR820324,211,,,
KR820328,211,,,
KR820329,211,,,
KR820375,211,,,
KR820395,211,,,
KR820399,211,,,
KR820404,211,,,
KY112082,211,,,
JX976649,211,,,
KR820295,211,,,
DQ085875,211,,,
JN024355,211,,,
JN024360,211,,,
JN024399,211,,,
KR820376,211,,,
JN024130,212,,,
JN024164,212,,,
JN024185,212,,,
MG196699,212,,,
MG196816,212,,,
MG196856,212,,,
MG196877,212,,,
MG197013,212,,,
MG197125,212,,,
KU685592,212,,,
GQ999988,212,,,
MG196642,212,,,
MG197043,212,,,
KR820368,212,,,
KR820371,212,,,
KR820385,212,,,
MG196862,212,,,
MG197019,212,,,
KY112435,213,,,
KY112522,213,,,
MG196689,213,,,
MG196694,213,,,
MG196755,213,,,
MG196775,213,,,
MG196890,213,,,
MG196896,213,,,
MG197064,213,,,
MG197115,213,,,
MG197126,213,,,
AY463221,213,,,
AY585264,213,,,
DQ164114,213,,,
MG196894,213,,,
AF408626,214,,,
EU074781,214,,,
KC312541,214,,,
KC312566,214,,,
KJ849777,214,,,
KY112136,214,,,
MG196799,214,,,
MG196983,214,,,
MG196984,214,,,
DQ275660,214,,,
KY112487,214,,,
MG197084,214,,,
MG197086,214,,,
MG196986,214,,,
AY560109,215,,,
FJ213782,215,,,
MG196693,215,,,
MG196922,215,,,
MG197120,215,,,
MG197127,215,,,
AY463218,215,,,
FJ213780,216,,,
FJ213783,216,,,
JF320204,216,,,
EU047655,217,,,
KJ849785,217,,,
KJ849798,217,,,
KJ849815,217,,,
MG196930,217,,,
KY989950,217,,,
KU749425,217,,,
FJ213781,217,,,
KC312399,218,,,
KC312430,218,,,
KT200349,218,,,
KY112434,219,,,
KY989956,219,,,
AY536234,219,,,
KY639271,219,,,
KY639272,219,,,
KY639273,219,,,
KY989955,219,,,
KU685591,220,,,
KY989949,220,,,
KY989951,220,,,
KY989954,220,,,
JX112829,220,,,
KY989952,220,,,
KY989957,220,,,
KY989953,220,,,
AY536233,220,,,
KJ019215,220,,,
FJ496072,221,,,
JN636151,221,,,
KU749415,221,,,
DQ396398,222,,,
DQ396400,222,,,
KP718918,222,,,
KY238326,222,,,
AY901966,222,,,
DQ164113,222,,,
DQ164120,222,,,
DQ164123,222,,,
DQ164124,222,,,
DQ164126,222,,,
FJ771007,222,,,
JX447556,223,,,
AY703908,223,,,
AY878064,223,,,
AY901968,223,,,
DQ011165,223,,,
DQ011169,223,,,
DQ011173,223,,,
DQ164121,223,,,
DQ275643,223,,,
DQ275647,223,,,
DQ351225,223,,,
DQ369992,223,,,
DQ396396,223,,,
DQ445631,223,,,
KY658682,223,,,
DQ358800,224,,,
MG196963,224,,,
DQ011179,224,,,
KX232614,224,,,
AY703910,224,,,
AY772691,224,,,
AY772692,224,,,
AY772701,224,,,
AY878061,224,,,
AY878067,224,,,
AY878068,224,,,
AY878069,224,,,
AY878071,224,,,
AY901969,224,,,
AY901970,224,,,
AY901972,224,,,
DQ011172,224,,,
DQ011176,224,,,
DQ011180,224,,,
DQ056404,224,,,
DQ056406,224,,,
DQ056408,224,,,
DQ056409,224,,,
DQ056416,224,,,
DQ056417,224,,,
DQ093588,224,,,
DQ093591,224,,,
DQ093594,224,,,
DQ093596,224,,,
DQ093599,224,,,
DQ093602,224,,,
DQ093605,224,,,
DQ164104,224,,,
DQ164105,224,,,
DQ164116,224,,,
DQ164119,224,,,
DQ164122,224,,,
DQ164125,224,,,
DQ164128,224,,,
DQ275642,224,,,
DQ275644,224,,,
DQ275645,224,,,
DQ275646,224,,,
DQ275653,224,,,
DQ275655,224,,,
DQ275661,224,,,
DQ275662,224,,,
DQ275663,224,,,
DQ275664,224,,,
DQ275665,224,,,
DQ351216,224,,,
DQ351219,224,,,
DQ351220,224,,,
DQ351222,224,,,
DQ351227,224,,,
DQ351229,224,,,
DQ351232,224,,,
DQ351233,224,,,
DQ351236,224,,,
DQ351238,224,,,
DQ369978,224,,,
DQ369980,224,,,
DQ369987,224,,,
DQ369990,224,,,
DQ369991,224,,,
DQ369993,224,,,
DQ369994,224,,,
DQ396364,224,,,
DQ396367,224,,,
DQ396371,224,,,
DQ396372,224,,,
DQ396374,224,,,
DQ396375,224,,,
DQ396378,224,,,
DQ396382,224,,,
DQ396386,224,,,
DQ396387,224,,,
DQ396393,224,,,
DQ396395,224,,,
DQ396399,224,,,
KX228799,224,,,
KY112090,224,,,
AY703909,224,,,
AY772695,224,,,
DQ056418,224,,,
JF320150,225,,,
JF932469,225,,,
KY112432,225,,,
JN631793,225,,,
JX447123,225,,,
JX447124,225,,,
JX447454,225,,,
JX447678,225,,,
JX447727,225,,,
KX228821,225,,,
KY658698,225,,,
AY703911,225,,,
AY772690,225,,,
AY772694,225,,,
AY772696,225,,,
AY772698,225,,,
AY772699,225,,,
AY772700,225,,,
AY838566,225,,,
AY878054,225,,,
AY878055,225,,,
AY878056,225,,,
AY878059,225,,,
AY878060,225,,,
AY878062,225,,,
AY878066,225,,,
AY878070,225,,,
AY878072,225,,,
AY901965,225,,,
AY901967,225,,,
AY901971,225,,,
AY901974,225,,,
AY901975,225,,,
AY901976,225,,,
AY901977,225,,,
AY901979,225,,,
AY901981,225,,,
DQ011167,225,,,
DQ011168,225,,,
DQ011170,225,,,
DQ011174,225,,,
DQ056405,225,,,
DQ056410,225,,,
DQ056411,225,,,
DQ056412,225,,,
DQ056413,225,,,
DQ056414,225,,,
DQ093585,225,,,
DQ093586,225,,,
DQ093587,225,,,
DQ093590,225,,,
DQ093592,225,,,
DQ093593,225,,,
DQ093597,225,,,
DQ093598,225,,,
DQ093601,225,,,
DQ093603,225,,,
DQ093604,225,,,
DQ093606,225,,,
DQ164106,225,,,
DQ164107,225,,,
DQ164109,225,,,
DQ164110,225,,,
DQ164111,225,,,
DQ164112,225,,,
DQ164115,225,,,
DQ164117,225,,,
DQ164118,225,,,
DQ164127,225,,,
DQ275648,225,,,
DQ275649,225,,,
DQ275650,225,,,
DQ275652,225,,,
DQ275654,225,,,
DQ275657,225,,,
DQ275658,225,,,
DQ275659,225,,,
DQ351217,225,,,
DQ351218,225,,,
DQ351221,225,,,
DQ351223,225,,,
DQ351224,225,,,
DQ351226,225,,,
DQ351230,225,,,
DQ351231,225,,,
DQ351234,225,,,
DQ369976,225,,,
DQ369977,225,,,
DQ369979,225,,,
DQ369981,225,,,
DQ369982,225,,,
DQ369983,225,,,
DQ369985,225,,,
DQ369989,225,,,
DQ369995,225,,,
DQ369996,225,,,
DQ369997,225,,,
DQ369998,225,,,
DQ396366,225,,,
DQ396368,225,,,
DQ396369,225,,,
DQ396370,225,,,
DQ396373,225,,,
DQ396376,225,,,
DQ396377,225,,,
DQ396379,225,,,
DQ396380,225,,,
DQ396381,225,,,
DQ396383,225,,,
DQ396384,225,,,
DQ396388,225,,,
DQ396389,225,,,
DQ396391,225,,,
DQ396394,225,,,
DQ396397,225,,,
DQ445632,225,,,
DQ445634,225,,,
DQ445635,225,,,
DQ445636,225,,,
DQ445637,225,,,
KF250369,225,,,
AY878057,225,,,
HQ385477,225,,,
HQ385479,225,,,
AY878063,225,,,
JF320157,226,,,
JF932477,226,,,
JX446826,226,,,
JX447006,226,,,
JX447028,226,,,
JX447210,226,,,
JX447835,226,,,
JX447915,226,,,
JX447918,226,,,
JX448028,226,,,
JX448057,226,,,
JX448063,226,,,
JX448076,226,,,
JX448077,226,,,
AY901973,226,,,
AY901980,226,,,
DQ011175,226,,,
DQ011177,226,,,
DQ056407,226,,,
DQ093595,226,,,
DQ093600,226,,,
DQ093607,226,,,
DQ275651,226,,,
DQ275656,226,,,
DQ351228,226,,,
DQ351237,226,,,
DQ369984,226,,,
DQ369988,226,,,
DQ396365,226,,,
DQ396385,226,,,
DQ396390,226,,,
DQ396392,226,,,
DQ445633,226,,,
AY901978,226,,,
DQ351235,226,,,
KX228818,226,,,
KY514083,226,,,
JX447001,226,,,
DQ979024,227,,,
FJ670525,227,,,
JF932482,227,,,
KP718933,227,,,
MG196721,227,,,
EF545109,227,,,
JX446710,227,,,
JX446766,227,,,
JX446918,227,,,
JX446919,227,,,
JX447087,227,,,
JX447211,227,,,
JX447216,227,,,
JX447669,227,,,
JX448079,227,,,
DQ011171,227,,,
DQ011178,227,,,
DQ164108,227,,,
DQ369986,227,,,
JX447214,227,,,
JX447668,227,,,
JX447674,227,,,
AY772697,228,,,
EF370208,228,,,
FJ195086,228,,,
JF932472,228,,,
JF932475,228,,,
JF932500,228,,,
JN692444,228,,,
JX447509,228,,,
JX447884,228,,,
KJ849795,228,,,
AY818644,228,,,
EU786677,229,,,
JF932474,229,,,
JF932479,229,,,
JF932488,229,,,
KT200353,229,,,
KU685588,229,,,
KY112429,229,,,
JX447080,229,,,
JX447512,229,,,
KX185086,229,,,
DQ093589,229,,,
FJ358521,229,,,
KJ883138,229,,,
KU749412,229,,,
EU786676,230,,,
JF320408,230,,,
JF932494,230,,,
JN692462,230,,,
JF932471,231,,,
JF932497,231,,,
JN692470,231,,,
KT200354,231,,,
KT276255,231,,,
KT276259,231,,,
KY112430,231,,,
KY238325,231,,,
GQ999980,231,,,
KY658699,231,,,
FJ853622,232,,,
JF320396,232,,,
KT200351,232,,,
KT200355,232,,,
KT200357,232,,,
KT276263,232,,,
EU786681,232,,,
KC990127,232,,,
KJ883137,232,,,
KJ883151,232,,,
EU786672,233,,,
EU786679,233,,,
KJ849813,233,,,
KT200348,233,,,
KT200350,233,,,
KU685583,233,,,
KU685584,233,,,
KU685589,233,,,
KY465967,233,,,
KX232616,233,,,
EU884500,233,,,
KY514084,233,,,
GQ372986,233,,,
EU786678,234,,,
JF320073,234,,,
JF320564,234,,,
KJ787683,234,,,
KJ849780,234,,,
KJ849807,234,,,
KT276256,234,,,
KT276262,234,,,
KT276264,234,,,
KT276266,234,,,
KT276267,234,,,
KT276268,234,,,
KT276271,234,,,
KU685585,234,,,
KU685586,234,,,
KU685590,234,,,
KT276258,234,,,
KY496624,234,,,
KT276257,234,,,
KT276260,234,,,
KY514085,234,,,
DQ056415,234,,,
AY314044,235,,,
AY314045,235,,,
AY314054,235,,,
AY314057,235,,,
GQ372987,235,,,
KJ849778,235,,,
AY463233,235,,,
KF250382,235,,,
FJ614990,235,,,
GU331387,235,,,
KJ849770,235,,,
JF320397,236,,,
JF932473,236,,,
JF932486,236,,,
JF932499,236,,,
JN024100,236,,,
KC797171,236,,,
KC797215,236,,,
KJ849783,236,,,
KT200356,236,,,
AY878058,236,,,
KF250368,236,,,
KF250370,236,,,
FJ614991,236,,,
KY953201,236,,,
FJ670529,237,,,
GU362885,237,,,
JF320185,237,,,
JF320194,237,,,
JF932478,237,,,
JF932498,237,,,
KJ671536,237,,,
KJ849768,237,,,
KT200358,237,,,
AF423757,237,,,
AF423758,237,,,
AF450096,237,,,
AY900573,237,,,
KX232601,237,,,
KC870035,237,,,
AY455785,237,,,
MF157739,237,,,
GU331318,238,,,
JF932481,238,,,
JF932492,238,,,
KC797228,238,,,
KJ849792,238,,,
KJ849810,238,,,
KJ849827,238,,,
FJ670519,238,,,
KC990124,238,,,
KF250381,238,,,
AF408627,239,,,
AF408628,239,,,
AF423755,239,,,
FJ670531,239,,,
KJ849786,239,,,
AF450097,239,,,
AY900572,239,,,
AY900574,239,,,
AY900575,239,,,
AY900576,239,,,
DQ020274,239,,,
AY463217,239,,,
AY463219,239,,,
AY463222,239,,,
AY463223,239,,,
AY463225,239,,,
AY463228,239,,,
AY463229,239,,,
HQ385478,239,,,
AY900571,239,,,
JF320191,240,,,
JX447785,240,,,
AF423756,240,,,
AF423759,240,,,
AF423760,240,,,
KX232623,240,,,
KX232626,240,,,
AY463220,240,,,
AY463224,240,,,
AY463227,240,,,
AY463230,240,,,
AY463231,240,,,
AY463234,240,,,
AY463235,240,,,
AY463236,240,,,
AY463237,240,,,
AY727523,240,,,
KC990126,240,,,
HM026460,240,,,
AF450098,240,,,
GU362886,241,,,
JF320413,241,,,
KJ671533,241,,,
KJ849814,241,,,
JQ292897,241,,,
AY463226,241,,,
AY463232,241,,,
DQ164129,241,,,
KF011493,241,,,
FJ771008,241,,,
JF932480,242,,,
JN692477,242,,,
FJ614972,242,,,
JX112831,242,,,
JX447638,242,,,
KJ197201,242,,,
HM026458,242,,,
KJ883141,242,,,
FJ853620,242,,,
HM026459,242,,,
JF320178,242,,,
MF157738,242,,,
KJ883142,242,,,
EF175209,243,,,
JF320414,243,,,
JF932489,243,,,
JN692455,243,,,
KC797224,243,,,
KC797226,243,,,
KT200352,243,,,
EU786671,243,,,
EU884501,243,,,
FJ614993,243,,,
JX112827,243,,,
JX112870,243,,,
JX447830,243,,,
DQ358801,243,,,
HM026456,243,,,
HM026455,243,,,
DQ358804,244,,,
EF370359,244,,,
GU362883,244,,,
JN692441,244,,,
JN692479,244,,,
KJ787684,244,,,
JQ292898,244,,,
JX447127,244,,,
KJ197202,244,,,
KJ849824,244,,,
DQ358802,244,,,
KJ883143,244,,,
KJ883145,244,,,
KJ883152,244,,,
AY455784,244,,,
FJ195090,245,,,
JN692431,245,,,
JN692447,245,,,
JN692449,245,,,
JN692451,245,,,
JQ292896,245,,,
JQ292899,245,,,
JQ292900,245,,,
JX447349,245,,,
JX447539,245,,,
KJ197200,245,,,
KU685587,245,,,
AY455781,245,,,
EF091932,245,,,
FJ771009,245,,,
KJ883139,245,,,
KJ883144,245,,,
KJ883147,245,,,
KJ883148,245,,,
KJ883149,245,,,
JN692481,245,,,
DQ167215,245,,,
FJ195089,246,,,
GQ372990,246,,,
GU362881,246,,,
JN692435,246,,,
JN692472,246,,,
JN692474,246,,,
KJ849802,246,,,
GQ290462,246,,,
JX446666,246,,,
KT276265,246,,,
AY727525,246,,,
JN692478,246,,,
AF286250,246,,,
EU074783,246,,,
JN692476,246,,,
KT276254,246,,,
AF408631,247,,,
DQ358806,247,,,
DQ358812,247,,,
JN692433,247,,,
JN692438,247,,,
JN692445,247,,,
JN692471,247,,,
AY900580,247,,,
AY727527,247,,,
EU786673,247,,,
JN692434,247,,,
KY658704,247,,,
AY455779,247,,,
KJ849772,247,,,
JN692456,248,,,
MF157736,248,,,
AY322193,248,,,
AY900581,248,,,
KX232597,248,,,
AY727524,248,,,
FJ670516,248,,,
AY900577,248,,,
GQ372988,249,,,
JN692436,249,,,
JN692443,249,,,
AY322185,249,,,
AY900578,249,,,
GU362884,249,,,
KM248765,249,,,
JN882653,249,,,
AY536235,249,,,
EU786680,250,,,
JN692468,250,,,
KC797225,250,,,
FJ670526,250,,,
JX447833,250,,,
GQ999978,250,,,
GQ999982,250,,,
GQ999987,250,,,
DQ853436,251,,,
DQ853437,251,,,
DQ853455,251,,,
DQ853459,251,,,
DQ853460,251,,,
EF370241,251,,,
FJ853621,251,,,
JQ292894,251,,,
AY727522,251,,,
GQ999974,251,,,
GQ999975,251,,,
GQ999981,251,,,
GQ999985,251,,,
GQ999991,251,,,
GQ999983,251,,,
AY322187,251,,,
GQ999986,251,,,
GQ372989,251,,,
JX112803,252,,,
JX112805,252,,,
KP718917,252,,,
KR017777,252,,,
GQ999973,252,,,
GQ999976,252,,,
GQ999979,252,,,
GQ999989,252,,,
GQ999990,252,,,
GQ999972,252,,,
JN692452,252,,,
JN692454,252,,,
KU685582,252,,,
KY465969,252,,,
MF157743,252,,,
EU047691,253,,,
JN692432,253,,,
JQ292893,253,,,
JX112822,253,,,
JX112834,253,,,
KJ849789,253,,,
KT276261,253,,,
KT983615,253,,,
GQ999977,253,,,
KC473830,254,,,
JF791999,254,,,
JX112799,254,,,
JX112832,254,,,
KC113003,254,,,
KF011494,254,,,
MF157742,254,,,
KY658711,254,,,
KT276270,254,,,
KJ849799,255,,,
KJ849808,255,,,
FJ670524,255,,,
JF792001,255,,,
JF792020,255,,,
JX112825,255,,,
JX112845,255,,,
JX112846,255,,,
JX112848,255,,,
KF011495,255,,,
KY496623,255,,,
AY322189,256,,,
KJ849762,256,,,
JF791982,256,,,
JX112796,256,,,
JX112800,256,,,
JX112823,256,,,
JX112843,256,,,
JX112847,256,,,
KC833436,256,,,
KP718925,256,,,
KU749414,256,,,
DQ358810,257,,,
EF370295,257,,,
KJ849775,257,,,
KJ849826,257,,,
FJ670528,257,,,
JX112797,257,,,
JX112806,257,,,
JX112811,257,,,
JX112820,257,,,
JX112855,257,,,
KJ184177,257,,,
M62320,257,,,
MF157740,257,,,
KJ849787,258,,,
JX112801,258,,,
JX112808,258,,,
JX112816,258,,,
JX112817,258,,,
JX112818,258,,,
JX112857,258,,,
KF850149,258,,,
KP718928,258,,,
KX232607,258,,,
KU685581,258,,,
EF370238,258,,,
HQ834729,259,,,
KJ849790,259,,,
U43141,259,,,
FJ670515,259,,,
FJ670530,259,,,
JX112802,259,,,
JX112821,259,,,
JX112830,259,,,
JX112853,259,,,
JX112858,259,,,
JX112859,259,,,
JF792034,259,,,
JF792035,259,,,
KJ849782,260,,,
JF792023,260,,,
JF792029,260,,,
JF792030,260,,,
JF792031,260,,,
JF792037,260,,,
JF792039,260,,,
KJ849791,260,,,
DQ358803,261,,,
FJ670527,261,,,
KJ849761,261,,,
KJ849767,261,,,
KJ849811,261,,,
KJ849816,261,,,
KJ849820,261,,,
FJ670520,261,,,
JX112807,261,,,
JX112852,261,,,
JF792036,261,,,
KX232613,261,,,
DQ845388,262,,,
KJ849812,262,,,
KJ849817,262,,,
FJ614947,262,,,
FJ670517,262,,,
JX112844,262,,,
KR017771,262,,,
KR017772,262,,,
KJ849776,263,,,
KJ849794,263,,,
KJ849800,263,,,
KR017779,263,,,
JF792044,263,,,
EU735535,264,,,
KJ849764,264,,,
KY950610,264,,,
EU735534,264,,,
KJ671535,265,,,
AY586545,265,,,
AY586546,265,,,
KP718927,265,,,
KY496622,265,,,
DQ845386,266,,,
FJ670522,266,,,
JN692475,267,,,
GU362882,267,,,
JF791856,267,,,
JF791875,267,,,
JF791880,267,,,
JF791903,267,,,
JF791916,267,,,
JF791921,267,,,
JF791945,267,,,
JF791946,267,,,
KJ849804,268,,,
KR017773,268,,,
JF791951,268,,,
DQ845387,269,,,
KR017774,269,,,
AF286242,270,,,
AY322191,270,,,
FN392877,270,,,
KX232617,270,,,
AF286247,270,,,
AF286253,270,,,
KY953200,271,,,
FJ670518,272,,,
KU749410,272,,,
EU735537,273,,,
JN692465,273,,,
AY322190,273,,,
AY500393,273,,,
JF791817,273,,,
JF791819,273,,,
JF791831,273,,,
JF791835,273,,,
JF791842,273,,,
EU786670,273,,,
AF539404,274,,,
KF859741,274,,,
JF791930,274,,,
AY751406,276,,,
KC990125,276,,,
JF791958,277,,,
JF791979,277,,,
AF110967,277,,,
AF110968,277,,,
FJ195091,279,,,
JN692464,279,,,
AF110978,279,,,
JN613776,280,,,
KU749411,280,,,
AF110959,280,,,
AF110960,280,,,
AF110961,280,,,
AF110962,280,,,
AF110973,280,,,
AF110976,280,,,
AF110977,280,,,
AY894995,281,,,
AF110974,281,,,
AF110975,281,,,
AY682547,281,,,
DQ979025,282,,,
JN613687,283,,,
JN613782,283,,,
KX232610,284,,,
KJ849779,285,,,
KC870032,285,,,
KU749392,285,,,
EU170145,285,,,
KX232611,287,,,
KC156311,288,,,
AF286236,288,,,
KU901980,289,,,
JX112841,289,,,
KU901941,289,,,
KX818199,290,,,
KX818200,290,,,
KP718935,291,,,
KU749409,292,,,
KX232609,292,,,
KU749395,292,,,
EU170150,292,,,
FJ864679,293,,,
KC156408,293,,,
KY658706,293,,,
KX232612,294,,,
KC156413,294,,,
KC156416,294,,,
KC156419,294,,,
FM877780,295,,,
JN692473,297,,,
KC156357,297,,,
KJ671534,298,,,
EU693240,298,,,
FN392876,298,,,
EU735540,301,,,
FJ389366,301,,,
M17451,304,,,
M21137,304,,,
KY658718,304,,,
FN392874,306,,,
KJ184176,306,,,
KC156179,306,,,
KC156202,306,,,
KC156297,306,,,
KC156302,306,,,
KC156348,306,,,
KU749396,306,,,
KC156310,306,,,
FJ389365,306,,,
JN636188,307,,,
U88822,307,,,
EU220698,307,,,
JQ779098,307,,,
JQ779099,307,,,
JQ779106,307,,,
JQ779109,307,,,
JQ779111,307,,,
JQ779113,307,,,
JQ779124,307,,,
JQ779125,307,,,
KC156181,307,,,
KC156186,307,,,
KC156199,307,,,
KC156256,307,,,
KC156266,307,,,
KC156304,307,,,
KC156472,307,,,
KC156260,307,,,
KC156267,307,,,
KC156473,307,,,
AY167123,308,,,
FN392875,308,,,
JQ779148,308,,,
JQ779166,308,,,
JQ779210,308,,,
JQ779256,308,,,
JQ779257,308,,,
JQ779259,308,,,
KC156313,308,,,
KC156316,308,,,
KC156347,308,,,
KC156350,308,,,
KC156356,308,,,
KF527060,308,,,
GU237072,308,,,
JQ779206,308,,,
JQ779209,308,,,
JQ779212,308,,,
JQ779214,308,,,
JQ779215,308,,,
EU170147,308,,,
JQ779208,308,,,
JQ779150,308,,,
JQ779154,308,,,
EU170135,308,,,
EU170149,308,,,
JQ779264,309,,,
KC156345,309,,,
KC156403,309,,,
KC156498,309,,,
KU749418,309,,,
JN944916,310,,,
JX112850,310,,,
KP873161,310,,,
KP873162,310,,,
KP873163,310,,,
KX232627,310,,,
JQ779223,310,,,
EU170142,310,,,
EU170153,310,,,
JN613642,311,,,
KC156404,311,,,
KY713235,311,,,
FJ711703,311,,,
JN944929,312,,,
JN944896,313,,,
JN944910,314,,,
KY713228,314,,,
AY423387,316,,,
AY882421,316,,,
KP718936,316,,,
AY771589,316,,,
FJ389364,317,,,
AY423381,318,,,
KP718938,318,,,
EU170155,321,,,
KU612900,323,,,
EU697907,323,,,
EU697904,324,,,
EU697906,324,,,
EU697909,324,,,
AF332867,324,,,
AY772535,325,,,
KJ849769,326,,,
KP718916,326,,,
EU697905,326,,,
FJ389363,326,,,
FJ389367,326,,,
AY817688,327,,,
GQ365652,327,,,
GQ365651,328,,,
KY713229,329,,,
EU735538,330,,,
JX500695,330,,,
L39106,330,,,
AY586542,331,,,
EU697908,331,,,
KP718921,331,,,
EU170138,331,,,
EU170151,331,,,
DQ487190,332,,,
DQ487191,332,,,
JN636300,332,,,
JX500694,332,,,
JX500696,332,,,
KP718937,332,,,
KP718934,333,,,
DQ487188,334,,,
EU735539,334,,,
M27323,334,,,
EU170143,334,,,
JX500707,334,,,
JX500708,334,,,
JN636156,335,,,
KU749389,335,,,
EU170136,335,,,
EU170148,335,,,
EU170140,335,,,
EU170144,335,,,
EU170146,335,,,
K02013,336,,,
K03454,336,,,
M26727,336,,,
U69584,336,,,
U69590,336,,,
U69591,336,,,
U69592,336,,,
KU749397,336,,,
EU170154,336,,,
JX500709,336,,,
AF224507,337,,,
S69386,337,,,
EU170139,337,,,
EU170152,338,,,
AJ006287,339,,,
KJ849774,339,,,
KT175204,339,,,
KU612901,339,,,
DQ853474,346,,,
JN230353,346,,,
JX500697,346,,,
JX500698,346,,,
JX500699,346,,,
JX500700,346,,,
JX500701,346,,,
JX500702,346,,,
JX500704,346,,,
JX500706,346,,,
JX500705,347,,,
JX500703,347,,,
DQ853469,349,,,
EF370343,350,,,
X04415,350,,,
JN613701,351,,,
JN636154,351,,,
EU047666,353,,,
EU047675,353,,,
JN613643,353,,,
JN636254,353,,,
JN613656,354,,,
JN636153,354,,,
KJ849771,354,,,
JN613641,355,,,
JN636169,355,,,
JN636170,355,,,
U54771,355,,,
JN613637,356,,,
JN636179,356,,,
AF408629,357,,,
AF408630,357,,,
AY586543,357,,,
JN613768,357,,,
JN636163,357,,,
JN636180,357,,,
AF408632,357,,,
JN613663,358,,,
JN613730,359,,,
KJ849801,359,,,
EF370174,362,,,
JN636303,363,,,
JN636304,365,,,
KY713236,365,,,
AY455780,366,,,
JN636301,366,,,
JN636305,366,,,
KY713230,366,,,
EF370350,367,,,
KX232622,368,,,
JN636243,370,,,
KU749399,372,,,
GQ365650,374,,,
KY713234,374,,,
AY586544,376,,,
KU749401,377,,,
EU047625,378,,,
EF370198,380,,,
JN636182,380,,,
AY455782,382,,,
JN636289,383,,,
FJ614887,383,,,
AY455783,383,,,
JN636302,385,,,
GQ365649,385,,,
KY713231,391,,,
KX232624,394,,,
JN613722,395,,,
AY586549,396,,,
EF370220,398,,,
JN613716,398,,,
JN613632,399,,,
AY586548,400,,,
EU047698,402,,,
AY586547,403,,,
KU749407,403,,,
AY588971,405,,,
JN613795,406,,,
EF370306,407,,,
JN636321,409,,,
JN636162,410,,,
GU595153,413,,,
EF370234,414,,,
JN613737,415,,,
JN613674,416,,,
JN636317,417,,,
JN613665,418,,,
GU595159,419,,,
EU047603,421,,,
KU749413,421,,,
JN613634,422,,,
JN613801,423,,,
JN636195,425,,,
JN613667,426,,,
JN613713,429,,,
JN613780,429,,,
JN636232,429,,,
JN613778,430,,,
JN636194,430,,,
JN636198,430,,,
KY658684,432,,,
JN613649,434,,,
JN613709,435,,,
JN613719,436,,,
JN613720,436,,,
JN613721,436,,,
JN613747,436,,,
EU047614,437,,,
JN636165,437,,,
JN636233,437,,,
JX174436,437,,,
JN613681,438,,,
JN636209,438,,,
JN636271,438,,,
JN613657,439,,,
JN613692,439,,,
JN613724,439,,,
FJ614901,439,,,
JN613655,440,,,
AY535660,440,,,
JN613711,441,,,
JN613729,441,,,
JN636203,441,,,
JN636241,441,,,
JN636249,441,,,
JN636269,441,,,
FJ614956,441,,,
EF370179,442,,,
EF370319,442,,,
EF370320,442,,,
EU047637,442,,,
EU047654,442,,,
JN613633,442,,,
JN613660,442,,,
JN613679,442,,,
JN613802,442,,,
JN636174,442,,,
JN636226,442,,,
FJ614906,442,,,
DQ400856,442,,,
EF370307,443,,,
GU595155,443,,,
GU595158,443,,,
JN636190,443,,,
JN636293,443,,,
JN636298,443,,,
FJ614982,443,,,
AY535659,443,,,
JN613760,444,,,
JN613765,444,,,
JN613767,444,,,
JN636223,444,,,
JN636299,444,,,
JN636307,444,,,
KF561443,444,,,
JN613703,445,,,
JN613666,446,,,
JN636319,446,,,
FJ614908,447,,,
KY713232,447,,,
EF370264,448,,,
KF561440,448,,,
EF370296,449,,,
EF370339,449,,,
EF370383,449,,,
EU047619,449,,,
JN613704,449,,,
JN613753,449,,,
JN613774,449,,,
JN613787,449,,,
EF370210,450,,,
EF370242,450,,,
JN613750,450,,,
JN613788,450,,,
FJ614889,450,,,
EU047684,450,,,
EU047640,451,,,
EU047679,451,,,
JN613736,451,,,
JN613738,451,,,
JN613741,451,,,
JN613803,451,,,
JN636281,451,,,
EF370355,451,,,
FJ614971,451,,,
FJ614974,451,,,
EF370189,452,,,
EF370214,452,,,
EU047617,452,,,
EU047644,452,,,
EU047690,452,,,
JN613680,452,,,
JN613739,452,,,
JN613789,452,,,
KJ140248,452,,,
KJ140257,452,,,
KJ140259,452,,,
FJ614888,452,,,
FJ614891,452,,,
FJ614965,452,,,
FJ614984,452,,,
FJ614987,452,,,
EF370271,453,,,
EF370300,453,,,
EF370328,453,,,
EU047615,453,,,
EU047618,453,,,
EU047643,453,,,
EU047650,453,,,
JN613652,453,,,
JN613772,453,,,
JN636255,453,,,
JN636294,453,,,
FJ614970,453,,,
FJ615001,453,,,
FJ614992,453,,,
EU047682,453,,,
EU047622,454,,,
EU047660,454,,,
EU047667,454,,,
JN613644,454,,,
JN613662,454,,,
JN613696,454,,,
KJ140251,454,,,
EF370209,455,,,
EF370222,455,,,
EF370268,455,,,
EF370331,455,,,
EU047636,455,,,
EU047652,455,,,
GU595151,455,,,
JN613653,455,,,
EU047620,456,,,
EU047642,456,,,
EU047651,456,,,
JN636263,456,,,
JQ341411,456,,,
EF370244,457,,,
EU047661,457,,,
JN613727,457,,,
KJ140264,457,,,
FJ614983,457,,,
EU047624,458,,,
EU047685,458,,,
JN613763,458,,,
FJ614929,458,,,
KF561437,458,,,
EF370329,459,,,
EU047616,459,,,
FJ614938,459,,,
KF561438,459,,,
EU047623,460,,,
EU047663,460,,,
FJ614926,460,,,
FJ614934,460,,,
FJ614939,460,,,
FJ614952,460,,,
FJ614960,460,,,
FJ614963,460,,,
FJ614964,460,,,
KF561436,460,,,
FJ614981,461,,,
FJ614994,461,,,
FJ614995,461,,,
EF370313,462,,,
EF370330,462,,,
EF370378,462,,,
GU595157,462,,,
FJ614894,462,,,
FJ614978,462,,,
JN636257,463,,,
JN636326,463,,,
EF370387,463,,,
EF370354,464,,,
EU047606,464,,,
EU047607,464,,,
EU047672,465,,,
EU047688,465,,,
JN613697,465,,,
EF370206,466,,,
EU047645,466,,,
KJ140266,466,,,
EF370180,467,,,
EF370311,467,,,
JQ316130,467,,,
EF370183,468,,,
EU047646,468,,,
JQ316128,468,,,
KJ140255,468,,,
EF370274,469,,,
EF370298,469,,,
EF370322,469,,,
EU047628,469,,,
EU047659,469,,,
EU047693,469,,,
JQ316129,469,,,
KJ849759,469,,,
EU047656,470,,,
EU047671,470,,,
EU047700,470,,,
DQ295192,471,,,
EF370263,471,,,
EU047609,471,,,
EF370233,472,,,
EU047602,472,,,
EU047627,472,,,
EU047629,472,,,
EU047635,472,,,
EU047670,472,,,
KF561439,472,,,
EU047610,473,,,
EU047630,473,,,
JQ316131,473,,,
EF370177,474,,,
EU047626,474,,,
EU047641,475,,,
EF370176,476,,,
EU047639,477,,,
EU047692,477,,,
EF370289,478,,,
KJ849809,481,,,
EF370317,484,,,
KJ140256,485,,,
EU047611,486,,,
EF370362,488,,,
EF370269,491,,,
FJ614959,493,,,
EF370341,494,,,
EF370347,494,,,
EF370247,496,,,
EF370249,497,,,
EF370326,497,,,
EF370342,497,,,
EF370246,499,,,
EF370312,499,,,
GU595154,499,,,
EF370281,503,,,
EF370338,504,,,
KU749400,504,,,
FJ614958,505,,,
JQ316136,505,,,
FJ614949,505,,,
JQ316137,505,,,
EF370305,507,,,
AY839827,508,,,
GU595162,509,,,
EF370273,518,,,
EF370332,518,,,
EF370336,518,,,
EF370344,518,,,
EF370380,529,,,
KX232618,537,,,
KY658687,548,,,
GU595152,549,,,
FJ771010,553,,,
JX202946,579,,,
KY658696,583,,,
DQ672623,589,,,
AF193275,589,,,
KY658683,622,,,
KU168279,636,,,
KY392773,642,,,
KF561441,644,,,
AB845344,656,,,
KJ849758,657,,,
KT284371,664,,,
KT152839,668,,,
DQ926899,670,,,
GU595150,670,,,
GU595160,673,,,
KF384803,676,,,
KU168276,685,,,
EF370257,686,,,
EF029069,686,,,
EF029066,687,,,
EF029067,687,,,
AB746342,690,,,
KY658710,693,,,
DQ358807,695,,,
DQ358809,695,,,
EF370260,698,,,
KF384811,699,,,
AY970949,701,,,
EF370258,702,,,
JQ316132,709,,,
KY953197,709,,,
AY970948,711,,,
KF384809,712,,,
KF384813,712,,,
KF384804,713,,,
KF384799,714,,,
KF384801,714,,,
KF384805,715,,,
FR846410,715,,,
EF370371,716,,,
EU047669,716,,,
KF384814,716,,,
KF384908,717,,,
KF384807,718,,,
KF384798,719,,,
KF384800,720,,,
AB859012,720,,,
EF370369,724,,,
KX232608,725,,,
KF384808,726,,,
EU047678,727,,,
KJ140260,727,,,
AF170546,728,,,
KY658702,732,,,
AF170545,732,,,
FJ771006,732,,,
AY970947,733,,,
AF197341,733,,,
AF170549,735,,,
EF495062,735,,,
KY658688,736,,,
EF370255,737,,,
KF384810,739,,,
FR846409,739,,,
AY970946,740,,,
KJ140249,740,,,
FR846408,740,,,
KF384812,741,,,
AY612637,741,,,
EF370365,743,,,
KF384802,743,,,
KF384806,743,,,
KU168278,743,,,
JQ316135,744,,,
EF370303,745,,,
AF197340,745,,,
AB078005,745,,,
JQ316127,747,,,
JQ316133,747,,,
HM067748,747,,,
JQ316134,748,,,
KY392774,748,,,
DQ054367,749,,,
DQ295195,749,,,
KJ140247,749,,,
AF197338,749,,,
AF197339,749,,,
AB845346,751,,,
DQ314732,751,,,
EU031914,752,,,
KY658692,759,,,
AB032740,759,,,
AB032741,759,,,
KY392775,762,,,
KY658693,762,,,
KU168268,765,,,
AB845345,766,,,
AB845347,766,,,
AJ237566,767,,,
DQ295193,768,,,
DQ295194,769,,,
KY658681,771,,,
AB845349,772,,,
KU168261,773,,,
EF370372,774,,,
AB098330,774,,,
HM067749,774,,,
KU168259,775,,,
KF766540,776,,,
EU448296,777,,,
KC899079,777,,,
KC899080,777,,,
KC899081,777,,,
KU168258,778,,,
AJ866553,779,,,
KY658712,780,,,
JX236676,781,,,
EU448295,782,,,
KU168260,784,,,
GU177863,785,,,
GU647196,785,,,
GU647197,785,,,
DQ990880,786,,,
JX236670,786,,,
AB287376,786,,,
JX236678,786,,,
AB289587,787,,,
AB480694,787,,,
AB480695,787,,,
AF069140,787,,,
JX236668,787,,,
M17449,787,,,
X01762,787,,,
AM000055,787,,,
AB480298,787,,,
AB221005,788,,,
AB253431,788,,,
AB485641,788,,,
AB565495,788,,,
AY531116,788,,,
M13136,788,,,
AB098332,788,,,
AB485632,788,,,
AB254155,788,,,
AB254156,788,,,
AB746344,788,,,
AB773884,788,,,
JF719819,788,,,
KF766537,788,,,
AB604948,788,,,
KU168311,788,,,
AB480693,789,,,
AB485648,789,,,
AB565496,789,,,
AB565501,789,,,
AF042100,789,,,
AF286365,789,,,
AF411964,789,,,
AF538306,789,,,
AJ271445,789,,,
AY970950,789,,,
KF990608,789,,,
U21135,789,,,
U39362,789,,,
AB287378,789,,,
AB254141,789,,,
EU293448,789,,,
KC156123,789,,,
KF766541,789,,,
KU168256,789,,,
AF086817,789,,,
AB480692,790,,,
AB480696,790,,,
AB485650,790,,,
AB565499,790,,,
AB565500,790,,,
AF004394,790,,,
AF070521,790,,,
AF256208,790,,,
AF538305,790,,,
AF538307,790,,,
AY835748,790,,,
AY835749,790,,,
AY835751,790,,,
AY835752,790,,,
AY835753,790,,,
AY835754,790,,,
AY835755,790,,,
AY835757,790,,,
AY835758,790,,,
AY835759,790,,,
AY835762,790,,,
AY835768,790,,,
AY835769,790,,,
AY835770,790,,,
AY835772,790,,,
AY835774,790,,,
AY835776,790,,,
AY835777,790,,,
AY835779,790,,,
AY835781,790,,,
DQ007901,790,,,
DQ007902,790,,,
EF363122,790,,,
EF363124,790,,,
EF363127,790,,,
GQ386792,790,,,
GU733713,790,,,
JX236679,790,,,
M22639,790,,,
M38431,790,,,
U34603,790,,,
JF939061,790,,,
AB023804,790,,,
AB254143,790,,,
AB254146,790,,,
AB254147,790,,,
AB254150,790,,,
EU293446,790,,,
KC156114,790,,,
KC156215,790,,,
KF234628,790,,,
AB480300,790,,,
AB480301,790,,,
AB480698,791,,,
AB565497,791,,,
AB641836,791,,,
AF538304,791,,,
EF363125,791,,,
K02007,791,,,
KU168257,791,,,
DQ314731,791,,,
KC156127,791,,,
AB485645,791,,,
AY162225,791,,,
EU293444,791,,,
KC156115,791,,,
KC156116,791,,,
KC156211,791,,,
KC156219,791,,,
AB254149,791,,,
KU168262,791,,,
EF178350,791,,,
AB286955,792,,,
AB286956,792,,,
AF042101,792,,,
AF075719,792,,,
AY352275,792,,,
D10112,792,,,
DQ007903,792,,,
KF990605,792,,,
KF990606,792,,,
U34604,792,,,
AM000053,792,,,
AF411965,792,,,
AF411966,792,,,
AF411967,792,,,
AY228556,792,,,
AY805330,792,,,
EU293445,792,,,
EU293449,792,,,
KC156125,792,,,
AB604946,792,,,
AB604947,792,,,
AY162223,792,,,
JN188292,792,,,
AB097869,793,,,
JX236675,793,,,
AJ291719,793,,,
HM215252,793,,,
KY953199,793,,,
AB254148,793,,,
AF290028,793,,,
EU293447,793,,,
KC156130,793,,,
KC156212,793,,,
KC156213,793,,,
KU168308,793,,,
AM851091,793,,,
KC156117,793,,,
AY445524,793,,,
AB287363,794,,,
KU168270,794,,,
AB221125,795,,,
AB731667,795,,,
AB604950,796,,,
AB731663,796,,,
AJ291718,796,,,
KC492737,796,,,
AB287364,797,,,
AB565478,797,,,
KU168267,797,,,
AB289590,798,,,
AB564746,798,,,
AB565479,798,,,
AB604949,798,,,
AF413987,798,,,
AY271690,798,,,
JX236669,798,,,
AF414006,799,,,
AJ866555,799,,,
AB052867,800,,,
AB485636,800,,,
KU168263,800,,,
AB286864,800,,,
AB049811,801,,,
AB286857,801,,,
EU861977,801,,,
JF922855,801,,,
KP178420,801,,,
AF290027,801,,,
KC156217,801,,,
AB564744,802,,,
AB286859,802,,,
AJ508597,802,,,
AY162224,802,,,
KC156120,802,,,
KC156216,802,,,
AJ291720,802,,,
AB485633,803,,,
AB485635,803,,,
KU168304,803,,,
KU168310,803,,,
AB220946,805,,,
AB253636,805,,,
AB253659,805,,,
EF036534,805,,,
EF036535,805,,,
AY228557,805,,,
AB485660,805,,,
AB646289,806,,,
KY658686,806,,,
AB253424,806,,,
AB253635,806,,,
AB485652,806,,,
AF259954,806,,,
DQ859178,806,,,
DQ859179,806,,,
JX112869,806,,,
AJ237565,806,,,
AB070352,807,,,
AB097872,807,,,
AB220944,807,,,
AB220945,807,,,
AB253421,807,,,
AB253641,807,,,
AB253647,807,,,
AB565503,807,,,
AJ288982,807,,,
AJ508595,807,,,
AJ866557,807,,,
DQ083238,807,,,
EF036528,807,,,
EF036529,807,,,
EF036530,807,,,
EF036532,807,,,
KU168264,807,,,
U51189,807,,,
AB097868,807,,,
KU168307,807,,,
JX236672,808,,,
AB253681,808,,,
AB253692,808,,,
AB485655,808,,,
AB565504,808,,,
AJ508596,808,,,
AJ866554,808,,,
AJ866556,808,,,
EF036533,808,,,
EF036536,808,,,
JF939054,808,,,
KU168277,808,,,
KU168301,808,,,
KU168306,808,,,
FM877779,808,,,
KU168280,808,,,
KU168271,809,,,
KU168272,809,,,
U12055,809,,,
AB231897,809,,,
AB253428,809,,,
AB253717,809,,,
AB480047,809,,,
EF036527,809,,,
EF036531,809,,,
KU168305,809,,,
KU168309,809,,,
AF385936,810,,,
AF538303,810,,,
AF119819,810,,,
AJ866558,810,,,
FM877778,810,,,
FM877782,810,,,
HM215251,810,,,
AB286849,810,,,
AF385935,810,,,
AB287368,811,,,
AB231894,811,,,
AJ245481,811,,,
JX236674,811,,,
JX236677,811,,,
KY658691,811,,,
AB254142,811,,,
EF469243,811,,,
AB287366,812,,,
KY658703,812,,,
AF119820,812,,,
DQ859180,812,,,
FM877781,812,,,
KC156218,812,,,
AB287369,813,,,
AF538302,813,,,
AB480044,813,,,
KU641402,814,,,
KC911637,814,,,
KC911644,814,,,
HM100716,814,,,
DQ837381,815,,,
KC911635,815,,,
KU168303,815,,,
AB485644,815,,,
AB286853,815,,,
AB286863,815,,,
JX236673,816,,,
FM877783,816,,,
AB731665,817,,,
AB231896,817,,,
AB286861,817,,,
KP170487,817,,,
KU168269,817,,,
KU168275,817,,,
KU168265,818,,,
HM215249,819,,,
AB253426,820,,,
FM877777,820,,,
AB286851,822,,,
KU168299,822,,,
KU168266,824,,,
AB286855,826,,,
KU749404,827,,,
KU168273,827,,,
KU749405,827,,,
KU168302,828,,,
KU168300,828,,,
KY658690,829,,,
JX236671,829,,,
AB231893,829,,,
AB485658,829,,,
Z11530,830,,,
AF385934,831,,,
U51188,832,,,
KU168274,832,,,
AB287003,833,,,
AJ288981,834,,,
KT152840,842,,,
AB231895,843,,,
KU749403,856,,,
KY658694,889,,,
KT152842,900,,,
KY658695,901,,,
KY658714,958,,,
KY658685,1018,,,
KY658697,1032,,,